title,description,source,published_at,url,content
Harvard Hires Drag Queen ‘LaWhore Vagistan’ As Visiting Prof For Class About ‘Sexual Dissidents’,"Harvard has hired a professor in the Women, Gender, and Sexuality department whose alter ego is a drag queen who goes by the name of ""LaWhore Vagistan.""",The Daily Caller,2025-10-01T19:45:57Z,https://dailycaller.com/2025/10/01/harvards-latest-prof-moonlights-as-drag-queen-lawhore-vagistan/,"Harvard University has recently hired a visiting professor in the Women, Gender, and Sexuality department whose alter ego is a drag queen who goes by the name of “LaWhore Vagistan.”
The department a… [+2818 chars]"
"UN peacekeepers’ meet: India doesn’t invite Pak, China; reiterates troop policy","India is hosting a conclave for Army chiefs of UN troop-contributing nations, notably excluding Pakistan and China. Officials reiterated New Delhi's policy against deploying troops to foreign conflict zones like Ukraine or Gaza unless explicitly mandated by t…",The Times of India,2025-10-01T19:44:03Z,https://timesofindia.indiatimes.com/india/un-peacekeepers-meet-india-doesnt-invite-pak-china-reiterates-troop-policy/articleshow/124265790.cms,"Navratri 2025: Shraddha Kapoor, Alia Bhatt, and other divas' inspired pink ethnic looks for day 9"
Protests in Pakistan-administered Kashmir leave 4 people dead and over 100 injured,"Thousands of demonstrators demanding subsidies on food, electricity and other services have clashed with police in Pakistan-administered Kashmir",ABC News,2025-10-01T19:02:53Z,https://abcnews.go.com/International/wireStory/protests-pakistan-administered-kashmir-leave-4-people-dead-126131616,"ISLAMABAD -- Thousands of demonstrators demanding subsidies on food, electricity and other services clashed with police in Pakistan-administered Kashmir on Wednesday, leaving four people dead and mor… [+2750 chars]"
"Modi hails RSS’ role in nation-building, says it showed no bitterness despite attacks","STATE TIMES NEWS NEW DELHI: Prime Minister Narendra Modi on Wednesday lauded the RSS on its centenary celebrations, saying the organisation never displayed any bitterness despite several attacks on it as it continued to work on the principle of nation first. …",Statetimes.in,2025-10-01T19:02:11Z,https://statetimes.in/modi-hails-rss-role-in-nation-building-says-it-showed-no-bitterness-despite-attacks/,"STATE TIMES NEWS
NEW DELHI: Prime Minister Narendra Modi on Wednesday lauded the RSS on its centenary celebrations, saying the organisation never displayed any bitterness despite several attacks on … [+5593 chars]"
Trump says snubbing him for Nobel would ‘insult’ US,The president has claimed he deserves the award because he ended eight wars Read Full Article at RT.com,RT,2025-10-01T18:46:06Z,https://www.rt.com/news/625719-trump-snubbing-nobel-insult-us/,"US President Donald Trump has suggested that denying him the Nobel Peace Prize would amount to an insult to the United States.
Speaking to top military brass in Quantico, Virginia, on Tuesday, Trump… [+1529 chars]"
China has found a way to outplay the US in this key region. It might serve as a useful blueprint,Washington’s warships guard the chokepoints. Beijing digs for exits on land. The clash is just beginning. Read Full Article at RT.com,RT,2025-10-01T18:23:26Z,https://www.rt.com/news/625708-new-cold-war-front-line/,"The rivalry between China and the United States has become the defining axis of global geopolitics, and nowhere is it sharper than in the Indo-Pacific. Washington, guided by the doctrines of naval st… [+11564 chars]"
"Pakistani lawmaker criticises 'salesman' Munir's rare earth display for Trump, calls it a 'joke'","Pakistani senator Aimal Wali Khan criticised Army chief Asim Munir for presenting rare earth minerals to US President Trump, questioning his official capacity and calling it a “mockery” and “dictatorship.” The photo, taken during Munir’s third US visit since …",The Times of India,2025-10-01T15:58:48Z,https://economictimes.indiatimes.com/news/new-updates/pakistani-lawmaker-criticises-salesman-munirs-rare-earth-display-for-trump-calls-it-a-joke/articleshow/124263014.cms,"Pakistani senator Aimal Wali Khan criticised Pakistan Army chief Asim Munir for showing rare earth minerals to US President Donald Trump, questioning in what official capacity Munir was showcasing th… [+1579 chars]"
"Asia Cup Trophy Drama: Mohsin Naqvi Says He Won't Ever Apologise To BCCI, Thrashes 'False' Media Reports",The fire around the Asia Cup 2025 trophy has gotten a fresh batch of fuel after Asian Cricket Council (ACC) Chairman Mohsin Naqvi refuted rumours of apologising to the Board of Control for Cricket India (BCCI) via a post on X on Wednesday. He also said that t…,Ndtvprofit.com,2025-10-01T14:29:14Z,https://www.ndtvprofit.com/sports/asia-cup-trophy-drama-mohsin-naqvi-says-he-wont-ever-apologise-to-bcci-thrashes-false-media-reports,The fire around the Asia Cup 2025 trophy has gotten a fresh batch of fuel after Asian Cricket Council (ACC) Chairman Mohsin Naqvi refuted rumours of apologising to the Board of Control for Cricket In… [+1935 chars]
"RSS at 100: Patel vs Nehru, and many twists in between, in Sangh’s ties with Congress","While Patel accused RSS of spreading “communal poison” and banned it after Gandhi's assassination, he also thought its members were patriots, whose “enthusiasam and discipline” needed to be turned into “right channels”",The Indian Express,2025-10-01T14:11:33Z,https://indianexpress.com/article/political-pulse/rss-at-100-patel-vs-nehru-twists-between-sanghs-ties-congress-10282543/,"On December 18, 1947, Congress stalwart and then Union Home Minister Sardar Vallabhbhai Patel said in Jaipur that he appreciated the enthusiasm of young men of the RSS, but that it should be diverted… [+8809 chars]"
Businesses look to import palm oil sustainably as EU legislation bites,New EU legislation and a fresh free trade deal will have major implications for an ingredient found in much of the food on European plates,EURACTIV,2025-10-01T14:01:43Z,https://www.euractiv.com/news/businesses-look-to-import-palm-oil-sustainably-as-eu-legislation-bites/,"Palm oil, most of which is imported to Europe from Indonesia and Malaysia, has been a focus of EU policymaking for two decades because of concerns that EU biofuels policy was driving unsustainable pr… [+7499 chars]"
Cracks in the China–Pakistan Partnership: Revealing the Illusion,"“Alliances born of compulsion rarely endure; partnerships shaped by illusion, even less so.” For decades, the world has viewed the China–Pakistan relationship as one forged in steel and tested by time. From diplomatic niceties describing it as “higher than th…",Fair Observer,2025-10-01T13:39:02Z,https://www.fairobserver.com/region/central_south_asia/cracks-in-the-china-pakistan-partnership-revealing-the-illusion/,"Alliances born of compulsion rarely endure; partnerships shaped by illusion, even less so.
For decades, the world has viewed the ChinaPakistan relationship as one forged in steel and tested by time.… [+10196 chars]"
FO° Talks: Pakistan Develops Closer Ties with US and China After May’s Clashes with India,"Rohan Khattar Singh, Fair Observer’s Video Producer & Social Media Manager, speaks with Cherish Mathson, a retired Lieutenant General of the Indian Army, about the aftermath of the May 2025 clashes between India and Pakistan. They focus on India’s military po…",Fair Observer,2025-10-01T13:36:59Z,https://www.fairobserver.com/region/central_south_asia/fo-talks-pakistan-develops-closer-ties-with-us-and-china-after-mays-clashes-with-india/,"Rohan Khattar Singh, Fair Observers Video Producer &amp; Social Media Manager, speaks with Cherish Mathson, a retired Lieutenant General of the Indian Army, about the aftermath of the May 2025 clashe… [+5190 chars]"
Dr. Anosh Ahmed Foundation and CEO: Anosh Ahmed Commits $1M Investment in ReliefWings to Advance Humanitarian Aid,"AI-powered drone network aims to deliver food, medicine, and emergency supplies to flood-affected and hard-to-reach communities.......",GlobeNewswire,2025-10-01T12:32:00Z,https://www.globenewswire.com/news-release/2025/10/01/3159534/0/en/Dr-Anosh-Ahmed-Foundation-and-CEO-Anosh-Ahmed-Commits-1M-Investment-in-ReliefWings-to-Advance-Humanitarian-Aid.html,"Anosh Ahmed invests in ReliefWings' AI-powered drones to deliver aid.
DUBAI, United Arab Emirates, Oct. 01, 2025 (GLOBE NEWSWIRE) -- Philanthropist Anosh Ahmed
, CEO of PFOAA, together with the Dr.… [+2302 chars]"
India back in test mode as depleted West Indies seek turnaround,"BENGALURU :India will switch back to test cricket mode, after a dramatic Asia Cup Twenty20 triumph ended in bizarre circumstances, when they take on a depleted West Indies side in the opening match of their two-test series starting on Thursday.India say they …",CNA,2025-10-01T11:51:21Z,https://www.channelnewsasia.com/sport/india-back-in-test-mode-depleted-west-indies-seek-turnaround-5379956,"BENGALURU :India will switch back to test cricket mode, after a dramatic Asia Cup Twenty20 triumph ended in bizarre circumstances, when they take on a depleted West Indies side in the opening match o… [+2483 chars]"
Mohsin Naqvi says India is still 'welcome' to receive Asia Cup from him,"A top official of the Asian Cricket Council insisted on Wednesday that India is “welcome” to collect the Asia Cup trophy from him. “As ACC President , I was ready to hand over the trophy that very day and I am still ready now,” Mohsin Naqvi wrote on X. Naqvi …",Yahoo Entertainment,2025-10-01T11:42:07Z,https://sports.yahoo.com/article/mohsin-naqvi-says-india-still-114207849.html,"ISLAMABAD (AP) A top official of the Asian Cricket Council insisted on Wednesday that India is welcome to collect the Asia Cup trophy from him.
As ACC President , I was ready to hand over the trophy… [+2557 chars]"
Asia Cup trophy fiasco: Did Mohsin Naqvi apologize to BCCI? Pakistan minister asks Indian team to collect it from him,"ACC President Mohsin Naqvi firmly denied apologising to BCCI regarding the Asia Cup 2025 trophy controversy, stating India must collect it themselves. India had refused the trophy from Naqvi after winning the final against Pakistan, citing heightened politica…",The Times of India,2025-10-01T11:15:42Z,https://economictimes.indiatimes.com/news/sports/asia-cup-trophy-fiasco-did-mohsin-naqvi-apologize-to-bcci-pakistan-minister-asks-indian-team-to-collect-it-from-him/articleshow/124257266.cms,"The Asia Cup 2025 final has triggered a fresh storm of controversies, with Asian Cricket Council (ACC) President and Pakistan Cricket Board Chairman Mohsin Naqvi firmly denying reports that he apolog… [+2040 chars]"
A look at the global race for free trade agreements since Trump's return,"EU proposes Mercosur deal, updates Mexico FTA, concludes Indonesia FTA, advances talks with India, UAE, Philippines, Thailand, Australia, Malaysia.",BusinessLine,2025-10-01T10:41:22Z,https://www.thehindubusinessline.com/news/world/a-look-at-the-global-race-for-free-trade-agreements-since-trumps-return/article70116104.ece,US President Donald Trump's tariffs have unleashed an unprecedented burst of free trade agreements and negotiations towards them by partners seeking to offset potential lost exports to the United Sta… [+2629 chars]
How Pakistan misread the Taliban and lost peace on the frontier,"As Kabul resists action against the Pakistan Taliban, Islamabad is left to weigh military strikes and expulsions.",Al Jazeera English,2025-10-01T10:23:04Z,https://www.aljazeera.com/news/2025/10/1/how-pakistan-misread-the-taliban-and-lost-peace-on-the-frontier,"Islamabad, Pakistan When Prime Minister Shehbaz Sharif arrived at the military hospital in Bannu in the northwestern province of Khyber Pakhtunkhwa, Pakistan, on September 13, his stoic expression ga… [+11356 chars]"
'No assurance' of India and Pakistan handshakes,The secretary of the BCCI says there is no assurance that India and Pakistan players will shake hands when they play at the Women's World Cup on Sunday.,BBC News,2025-10-01T10:14:24Z,https://www.bbc.com/sport/cricket/articles/c8rv8pyzvlpo,The secretary of the Board of Control for Cricket in India (BCCI) Devajit Saikia says there is no assurance that India and Pakistan players will shake hands when they play at the Women's World Cup on… [+1519 chars]
"2025 Premiere Dates For New & Returning Series On Broadcast, Cable & Streaming","Here again is Deadline’s annual list of premiere dates for new and returning TV series. The roster covers hundreds of broadcast, cable and streaming programs debuting throughout 2025, including many still listed as TBA (to be announced). It includes series pr…",Deadline,2025-10-01T09:21:00Z,http://deadline.com/2025/10/2025-tv-premiere-dates-1235811038/,"Here again is Deadline’s annual list of premiere dates for new and returning TV series. The roster covers hundreds of broadcast, cable and streaming programs debuting throughout 2025, including many … [+91859 chars]"
India proposes easing aircraft leasing conditions in potential boost for IndiGo,"India's aviation regulator plans to relax rules for airlines to wet lease aircraft, changing ""only"" to ""normally"" for emergency situations. This aims to ease capacity constraints, benefiting carriers like IndiGo, which uses Turkish Airlines wet leases. The pr…",The Times of India,2025-10-01T08:58:07Z,https://economictimes.indiatimes.com/industry/transportation/airlines-/-aviation/india-proposes-easing-aircraft-leasing-conditions-in-potential-boost-for-indigo/articleshow/124253478.cms,"India's aviation regulator has proposed removing the mandate that airlines can only take planes on lease with crew in emergencies, draft regulations show, in a move that could make it easier for carr… [+1884 chars]"
"Self-styled Vishwaguru stands 'exposed', challenges galore for Indian diplomacy: Congress after Trump praise for Munir","Congress criticized Prime Minister Modi after Donald Trump praised Pakistan Army chief Asim Munir for allegedly averting an India-Pakistan conflict. Jairam Ramesh stated Modi's diplomacy is ""exposed"" and the era of ""sloganeering"" is over. Trump claimed he ""se…",The Times of India,2025-10-01T08:52:50Z,https://economictimes.indiatimes.com/news/politics-and-nation/self-styled-vishwaguru-stands-exposed-challenges-galore-for-indian-diplomacy-congress-after-trump-praise-for-munir/articleshow/124253360.cms,"The Congress on Wednesday took a swipe at Prime Minister Narendra Modi after US President Donald Trump's praise for Pakistan's Army chief, saying the time for ""sloganeering, grandstanding, bragging, … [+1751 chars]"
DAILY CURRENT AFFAIRS IAS | UPSC Prelims and Mains Exam – 1st October – 2025,"Archives (PRELIMS  Focus) (MAINS Focus)
The post DAILY CURRENT AFFAIRS IAS | UPSC Prelims and Mains Exam – 1st October – 2025 appeared first on IASbaba.",Iasbaba.com,2025-10-01T07:58:08Z,https://iasbaba.com/2025/10/daily-current-affairs-ias-upsc-prelims-and-mains-exam-1st-october-2025/,"Introduction (Context)
As the Gaza war enters its second year since Hamass October 2023 attacks on Israel, US President Donald Trump has announced a 20-point Comprehensive Plan to End the Gaza Confl… [+3436 chars]"
Financial Contrast: SEI Investments (NASDAQ:SEIC) versus Carlyle Group (NASDAQ:CG),"Carlyle Group (NASDAQ:CG – Get Free Report) and SEI Investments (NASDAQ:SEIC – Get Free Report) are both large-cap finance companies, but which is the better investment? We will compare the two businesses based on the strength of their profitability, analyst …",ETF Daily News,2025-10-01T07:40:50Z,https://www.etfdailynews.com/2025/10/01/financial-contrast-sei-investments-nasdaqseic-versus-carlyle-group-nasdaqcg/,"Carlyle Group (NASDAQ:CG – Get Free Report) and SEI Investments (NASDAQ:SEIC – Get Free Report) are both large-cap finance companies, but which is the better investment? We will compare the two busin… [+10263 chars]"
Explaining Trump’s Surprising Turn to Pakistan,"Recent months have brought a startling shift in U.S.-Pakistani relations. On Sept. 25, President Donald Trump hosted Prime Minister Shehbaz Sharif and Pakistan’s army chief, Field Marshal Asim Munir, at the White House, marking the latest sign of improving re…",War on the Rocks,2025-10-01T07:15:30Z,https://warontherocks.com/2025/10/explaining-trumps-surprising-turn-to-pakistan/,"Recent months have brought a startling shift in U.S.-Pakistani relations. On Sept. 25, President Donald Trump hosted Prime Minister Shehbaz Sharif and Pakistan’s army chief, Field Marshal Asim Munir,… [+13964 chars]"
Asia Cup 2025: India and Pakistan turn cricket into militarised theatre,"Handshake snubs, trophy refusal and jingoism in Dubai show how their toxic rivalry threatens the game itself.",Al Jazeera English,2025-10-01T07:07:30Z,https://www.aljazeera.com/opinions/2025/10/1/asia-cup-2025-india-and-pakistan-turn-cricket-into-militarised-theatre,Theres hardly been a multilateral sports tournament in recent memory as steeped in warlike controversies as the 2025 Asia Cup in Dubai. The exclusion of Russia from the 2024 Olympics or the 2022 FIFA… [+7321 chars]
India-Sri Lanka WC opener brought highest turnout for group game of a women's ICC event,"Guwahati made history with a record 22,843 spectators for the India-Sri Lanka Women's ODI World Cup opener, marking the highest attendance for any ICC women's group stage fixture. India triumphed by 59 runs. The vibrant event included a musical tribute to Zub…",The Times of India,2025-10-01T06:26:14Z,https://economictimes.indiatimes.com/news/sports/india-sri-lanka-wc-opener-brought-highest-turnout-for-group-game-of-a-womens-icc-event/articleshow/124249825.cms,"The turnout of close to 23,000 fans in the India-Sri Lanka game of the Women's ODI World Cup here was the highest ever for a group stage fixture of any ICC women's event, the world body said on Wedne… [+1581 chars]"
The Red Tumor: The Growth and Persistence of the Naxalite Insurgency and India’s Response,"Introduction Insurgencies have existed throughout history, shaping the dynamics of state governance and stability across various regions. According to the Central Intelligence Agency, an insurgency is a political-military activity involving the control of ter…",Smallwarsjournal.com,2025-10-01T06:00:49Z,https://smallwarsjournal.com/2025/10/01/naxalite-insurgency-india-coin-strategy/,"Introduction
Insurgencies have existed throughout history, shaping the dynamics of state governance and stability across various regions. According to the Central Intelligence Agency, an insurgency … [+18663 chars]"
Plandemic âadvisorsâ at the Centers for Disease CONTINUANCE issue new TRAVEL WARNINGS about CHIKUNGUNYA VIRUS,"The Centers for Disease ‘Continuation’ (CDC) has issued a new Level 2 travel advisory for Americans traveling to Cuba amid an outbreak of chikungunya virus, a mosquito-borne illness that has spread rapidly across several regions worldwide. The new plannedemic…",Naturalnews.com,2025-10-01T06:00:00Z,https://www.naturalnews.com/2025-10-01-cdc-issues-new-travel-warnings-about-chikungunya-virus.html,"The Centers for Disease Continuation (CDC) has issued a new Level 2 travel advisory for Americans traveling to Cuba amid an outbreak of chikungunya virus, a mosquito-borne illness that has spread rap… [+5493 chars]"
"Pakistan, Bangladesh aim for incremental gains in Women's World Cup","Considered among the weaker teams, Pakistan and Bangladesh commence their Women's ODI World Cup campaign in Colombo today. Pakistan, led by Fatima Sana, aims for a top-four finish, leveraging familiar conditions. Bangladesh captain Nigar Sultana highlights th…",The Times of India,2025-10-01T05:50:38Z,https://economictimes.indiatimes.com/news/sports/pakistan-bangladesh-aim-for-incremental-gains-in-womens-world-cup/articleshow/124249195.cms,"Considered among the weaker teams in fray at the Women's ODI World Cup, Pakistan and Bangladesh will open their tournament campaign here on Thursday with an aim to make incremental gains in the ICC e… [+3070 chars]"
Pakistan Seeks to Lure US Investment After Trump’s Pivot,"Pakistan and the US are deepening cooperation in energy, mining and technology sectors, with Islamabad planning an investor conference in Washington later this month to draw American investment, Finance Minister Muhammad Aurangzeb said.",Financial Post,2025-10-01T05:41:40Z,https://financialpost.com/pmn/business-pmn/pakistan-seeks-to-lure-us-investment-after-trumps-pivot,"(Bloomberg) Pakistan and the US are deepening cooperation in energy, mining and technology sectors, with Islamabad planning an investor conference in Washington later this month to draw American inve… [+5172 chars]"
How Trump Could Get Bagram Back,Internal fissures mean that the Taliban’s rejection of the issue is far from settled.,Foreign Policy,2025-10-01T04:41:21Z,http://foreignpolicy.com/2025/10/01/bagram-airfield-trump-afghanistan/,"Its not every day that a  U.S. president publicly demands the return of a military base from a former adversary. But thats exactly what happened last week, when President Donald Trump said that his a… [+11969 chars]"
Taliban impose tele-ban and takes Afghanistan offline,"No internet or phones, which means no banks or commercial aviation, but lots more misery Afghanistan has dropped off the global internet.…",Theregister.com,2025-10-01T04:23:56Z,https://www.theregister.com/2025/10/01/afghanistan_goes_offline/,"Afghanistan has dropped off the global internet.
Outage-watchers NetBlocks and Cloudflare both attribute the outage to government action, a reasonable assumption given that the Taliban who rule Afgh… [+2531 chars]"
Chidambaram says he favoured military retaliation post-26/11 but was overruled amid global pressure,"Former Union Home Minister P. Chidambaram disclosed his inclination for retaliatory action against Pakistan post-26/11 Mumbai attacks. He was ultimately swayed by diplomatic pressure, particularly from the US, and the MEA's counsel, leading to a decision to e…",The Times of India,2025-10-01T03:48:30Z,https://economictimes.indiatimes.com/news/politics-and-nation/chidambaram-says-he-favoured-military-retaliation-post-26/11-but-was-overruled-amid-global-pressure/articleshow/124247205.cms,Former Union Home Minister P. Chidambaram has disclosed that he was inclined towards retaliatory action against Pakistan after the 26/11 Mumbai terror attacks but was ultimately persuaded against it.… [+3098 chars]
Climate Change as Catalyst in Strengthening Pakistan–Nepal Relations,"In this brief article, we will underline how the impact of climate change in both countries is creating new imperatives to further strengthen Nepal–Pakistan relations. We will briefly see how the two countries are inseparably connected through mountain ranges…",Khabarhub.com,2025-09-30T23:45:41Z,https://english.khabarhub.com/2025/01/498686/,"In this brief article, we will underline how the impact of climate change in both countries is creating new imperatives to further strengthen NepalPakistan relations. We will briefly see how the two … [+24258 chars]"
Beauty trade show opens with 400 exhibitors,"KUALA LUMPUR: Malaysia's largest beauty trade show – beautyexpo & Cosmobeauté Malaysia (BECBM) 2025 – has opened its doors at the Kuala Lumpur Convention Centre, marking the start of global collaboration, product innovation and trendsetting showcases. Read fu…",The Star Online,2025-09-30T23:00:00Z,https://www.thestar.com.my/news/nation/2025/10/01/beauty-trade-show-opens-with-400-exhibitors,"KUALA LUMPUR: Malaysias largest beauty trade show beautyexpo &amp; Cosmobeauté Malaysia (BECBM) 2025 has opened its doors at the Kuala Lumpur Convention Centre, marking the start of global collaborat… [+4812 chars]"
"Hardly any applause as Trump tells top US military leaders to focus on war, discipline, and global threats","Trump spoke to top US military leaders, but his speech got little applause. He and Defense Secretary Hegseth focused on stronger military, ending politically correct rules, and preparing for war. Trump also talked about cities, global conflicts, NATO, and riv…",The Times of India,2025-09-30T21:18:24Z,https://economictimes.indiatimes.com/news/international/us/hardly-any-applause-as-trump-tells-top-us-military-leaders-to-focus-on-war-discipline-and-global-threats/articleshow/124243773.cms,Donald Trump gave a call for the military to use 'dangerous' cities as guinea pigs before letting the National Guard run amok in Chicago at a briefing for top US military officials. And much to his d… [+4366 chars]
Guest Contribution: “How do UK and Australia relations with China react to US-China shocks”,"Today, we are pleased to present a guest contribution written by Jamel Saadaoui (Université Paris 8-Vincennes).   A lot of my friends, economists or econometricians, do not really like the concept of Granger causality. To some extent, the essence of the conce…",Econbrowser.com,2025-09-30T19:27:44Z,https://econbrowser.com/archives/2025/09/guest-contribution-how-do-uk-and-australia-relations-with-china-react-to-us-china-shocks,"Today, we are pleased to present a guest contribution written by Jamel Saadaoui (Université Paris 8-Vincennes).
A lot of my friends, economists or econometricians, do not really like the concept of … [+4449 chars]"
All-round Deepti Sharma leads India to 59-run win over Sri Lanka in ODI World Cup opener,India's batting depth came in handy to post a recovery from 124/6 to 269-8 in 47 overs.,The Indian Express,2025-09-30T18:56:08Z,https://indianexpress.com/article/sports/cricket/deepti-sharma-india-sri-lanka-59-run-win-womens-world-cup-2025-10281006/,"At various points during the opening match of the ICC Women’s World Cup opener between India and Sri Lanka in Guwahati, it felt like the tournament co-hosts were going to crash the hosts’ party. Sri … [+4566 chars]"
Centre plans revival of Border Wing Home Guards following Ladakh unrest and Pahalgam attack,"Following recent border unrest and the Pahalgam attack, the union government plans to revive Border Wing Home Guards (BWHG) with local recruits. These guards will serve as 'eyes and ears' for forces like ITBP and BSF along China and Pakistan borders. The init…",The Times of India,2025-09-30T18:54:12Z,https://economictimes.indiatimes.com/news/defence/centre-plans-revival-of-border-wing-home-guards-following-ladakh-unrest-and-pahalgam-attack/articleshow/124242967.cms,"New Delhi: In wake of the recent Ladakh unrest and Pahalgam attack earlier this year, the union government is planning to revive Border Wing Home Guards (BWHG) for its active engagement with border g… [+1987 chars]"
PM Modi backs US President Donald Trump's Gaza peace plan,"Prime Minister Narendra Modi welcomed US President Donald Trump's 20-point Gaza peace proposal. The plan aimed for lasting peace between Israelis and Palestinians. It included a ceasefire, hostage exchange, and Israeli withdrawal. Trump unveiled the initiativ…",The Times of India,2025-09-30T18:43:27Z,https://economictimes.indiatimes.com/news/india/pm-modi-backs-us-president-donald-trumps-gaza-peace-plan/articleshow/124242743.cms,New Delhi: Prime minister Narendra Modi on Tuesday welcomed the 20-point peace proposal for Gaza announced by US President Donald Trump and endorsed by key members of the Organisation of Islamic Conf… [+2154 chars]
Trump and Hegseth Quantico summit — is the meeting called because America’s lead over Russia and China is slipping fast?,"President Donald Trump and Defense Secretary Pete Hegseth held a rare and powerful meeting with nearly 800 top US military leaders at Quantico on September 30, 2025. Secretary Hegseth announced sweeping changes to restore what he called the “warrior ethos.” P…",The Times of India,2025-09-30T18:40:00Z,https://economictimes.indiatimes.com/news/international/us/at-a-rare-quantico-summit-trump-and-hegseth-push-strict-military-standards-and-warn-of-internal-threats-is-americas-lead-over-russia-and-china-slipping-fast/articleshow/124242162.cms,"Trump and Hegseth address top U.S. military commanders with a war-focused agenda: U.S. Defense Secretary Pete Hegseth told top military leaders that America has the strongest, most lethal, and most p… [+7081 chars]"
Key takeaways from Trump’s speech to US military generals,Republican president tells top military officers they will play part in 'war from within' in major US cities.,Al Jazeera English,2025-09-30T18:36:26Z,https://www.aljazeera.com/news/2025/9/30/key-takeaways-from-trumps-speech-to-us-military-generals,"Washington, DC United States President Donald Trump has addressed hundreds of US generals in Virginia on topics ranging from climbing up stairs to the crisis in Ukraine often repeating his talking po… [+5472 chars]"
Sugar Prices Supported by a Weaker Dollar and Stronger Global Demand,"October NY world sugar #11 (SBV25 ) on Tuesday closed up +0.08 (+0.50%), and December London ICE white sugar #5 (SWZ25 ) closed up +6.00 (+1.30%). Sugar...",Barchart.com,2025-09-30T18:27:27Z,https://www.barchart.com/story/news/35137107/sugar-prices-supported-by-a-weaker-dollar-and-stronger-global-demand,"October NY world sugar #11 (SBV25) on Tuesday closed up +0.08 (+0.50%), and December London ICE white sugar #5 (SWZ25) closed up +6.00 (+1.30%).
Sugar prices moved higher on Tuesday, with NY sugar p… [+4674 chars]"
Put actions where ambitions are,"Reforms are essential, but are blocked by states that favour status quo and want to stymie the rise of new and competing global players. India needs to get proactive. Or, as Mohandas Gandhi said, be the change you wish to see.",The Times of India,2025-09-30T17:56:51Z,https://economictimes.indiatimes.com/opinion/et-editorial/put-actions-where-ambitions-are/articleshow/124241680.cms,"The annual opening of the UN General Assembly, usually attended by heads of state and government, is an opportunity to understand a country's vision of, and approach to, global engagement. India does… [+1555 chars]"
"How to watch Galatasaray vs Liverpool: live Champions League 2025/26 game, free streams","All the ways to watch Galatasaray vs Liverpool live streams online and on TV from anywhere, as the Reds look to bounce back from their league defeat.",TechRadar,2025-09-30T16:30:00Z,https://www.techradar.com/how-to-watch/football/galatasaray-vs-liverpool-champions-league-2025-26-free,"The Galatasaray vs Liverpool live stream sees the visitors aiming to inflict another damaging European defeat on the Turkish champions.
Galatasaray have started the season in superb fashion and sit … [+11197 chars]"
"How to watch Chelsea vs Benfica: live Champions League 2025/26 game, free streams","All the ways to watch Chelsea vs Benfica live streams online and on TV from anywhere, as both teams get their Champions League campaigns underway.",TechRadar,2025-09-30T16:30:00Z,https://www.techradar.com/how-to-watch/football/chelsea-vs-benfica-champions-league-2025-26-free,"The Chelsea vs Benfica live stream sees Jose Mourinho return to Stamford Bridge to face the club with whom he won three Premier League titles.
Mourinho was handed the reins at Benfica earlier this m… [+10622 chars]"
Sugar Rallies on Dollar Weakness and Strong Demand from Pakistan,"October NY world sugar #11 (SBV25 ) today is up +0.15 (+0.94%), and December London ICE white sugar #5 (SWZ25 ) is up +6.50 (+1.41%). Sugar prices are moving...",Barchart.com,2025-09-30T16:29:10Z,https://www.barchart.com/story/news/35134629/sugar-rallies-on-dollar-weakness-and-strong-demand-from-pakistan,"October NY world sugar #11 (SBV25) today is up +0.15 (+0.94%), and December London ICE white sugar #5 (SWZ25) is up +6.50 (+1.41%).
Sugar prices are moving sharply higher today, with NY sugar postin… [+4667 chars]"
Pumped and dumped Pakistan back in US favor; Trump says he loved Pak general thanking him for saving millions of lives,"US President Donald Trump reiterated his claim of averting nuclear war between India and Pakistan, praising Pakistani leaders for their gratitude. He also repeated unsubstantiated claims of seven downed planes. Trump's admiration for Pakistan's ""Field Marshal…",The Times of India,2025-09-30T16:17:43Z,https://timesofindia.indiatimes.com/world/us/pumped-and-dumped-pakistan-back-in-us-favor-trump-says-he-loved-pak-general-thanking-him-for-saving-millions-of-lives/articleshow/124239186.cms,"Navratri 2025: Shraddha Kapoor, Alia Bhatt, and other divas' inspired pink ethnic looks for day 9"
PCB cancels player NOCs for playing in foreign T20 leagues a day after defeat to India in Asia Cup final: Report,"lthough no particular reason has been given for the move, the notification of the move came a day after Pakistan's Asia Cup final loss to India.",The Indian Express,2025-09-30T16:13:19Z,https://indianexpress.com/article/sports/cricket/pcb-noc-pakistan-players-overseas-t20-leagues-asia-cup-10280744/,The Pakistan Cricket Board (PCB) has reportedly suspended all no-objection certificates to players for participating in T20 leagues outside the country. Although no particular reason has been given f… [+1644 chars]
Ukraine Lawmakers Move to Nominate Donald Trump for Nobel Peace Prize,"A bill appeared on the docket of Verkhovna Rada, the national parliamentary body of Ukraine, on Monday appearing to propose nominating President Donald Trump for the Nobel Peace Prize.
The post Ukraine Lawmakers Move to Nominate Donald Trump for Nobel Peace P…",Breitbart News,2025-09-30T16:04:53Z,https://www.breitbart.com/europe/2025/09/30/ukraine-lawmakers-move-nominate-donald-trump-nobel-peace-prize/,"A bill appeared on the docket of Verkhovna Rada, the national parliamentary body of Ukraine, on Monday appearing to propose nominating President Donald Trump for the Nobel Peace Prize.
If passed thr… [+5675 chars]"
Just not cricket,India should not have played in Asia Cup,BusinessLine,2025-09-30T16:01:48Z,https://www.thehindubusinessline.com/opinion/editorial/just-not-cricket/article70112935.ece,"The wry saying that sport is war by other means sadly came true in the recently concluded Asia Cup, where India beat Pakistan thrice in an equal number of encounters in the course of the last month. … [+2752 chars]"
"Pakistan's KSE 100 index rallies 8,000 points in 6 unbeaten sessions. 2 reasons why","Pakistan’s KSE 100 index surged nearly 8,000 points in six sessions, hitting a 52-week high amid improving US ties and a strategic defence pact with Saudi Arabia, boosting investor sentiment and top stock performances.",The Times of India,2025-09-30T15:57:27Z,https://economictimes.indiatimes.com/markets/stocks/news/pakistans-kse-100-index-rallies-8000-points-in-6-unbeaten-sessions-2-reasons-why/articleshow/124238924.cms,"Pakistan stock market is on a roll, with the benchmark KSE 100 index rallying nearly 8,000 points in the past six trading sessions and remaining unbeaten. The index hit a fresh 52-week high of 166,55… [+2323 chars]"
The 6 Most Bonkers Things Trump Said During Surreal Meeting With Top Military Brass,"Trump's address lurched from nuclear weapons to his love of gold-edged stationery and Biden’s stair-related clumsiness.
The post The 6 Most Bonkers Things Trump Said During Surreal Meeting With Top Military Brass first appeared on Mediaite.",Mediaite,2025-09-30T15:51:44Z,https://www.mediaite.com/media/tv/the-6-most-bonkers-things-trump-said-during-surreal-meeting-with-top-military-brass/,"President Donald Trump summoned hundreds of U.S. generals and admirals to Quantico, Virginia on Tuesday and, following a takedown of DEI by Secretary of War Pete Hegseth, launched into a freewheeling… [+6931 chars]"
How India and Pakistan let war spill onto cricket field,"The animosity between India and Pakistan bubbled over at the Asia Cup finals in Dubai, showing that cricket is more than just a game when played between the two regional rivals. India's victory over Pakistan at the Asia Cup finals this weekend bore stark test…",DW (English),2025-09-30T14:42:00Z,https://www.dw.com/en/how-india-and-pakistan-let-war-spill-onto-cricket-field/a-74188321,India's victory over Pakistan at the Asia Cup finals this weekend bore stark testimony to how the two fierce rivals turn everything including cricket into just another arena for their decades of acri… [+6681 chars]
"Pakistan and India conflict was 'very big', I settled that: US president Donald Trump",US President Donald Trump again states he settled the India and Pakistan conflict. He made this claim during remarks to military leaders in Quantico. Trump previously announced a ceasefire between the nuclear powers. India maintains the ceasefire resulted fro…,The Times of India,2025-09-30T14:28:57Z,https://economictimes.indiatimes.com/news/india/pakistan-and-india-conflict-was-very-big-i-settled-that-us-president-donald-trump/articleshow/124237709.cms,"US President Donald Trump on Tuesday again claimed that he settled the ""very big"" conflict between nuclear-armed India and Pakistan.""I have settled so many wars since we're here. We're here almost ni… [+1254 chars]"
Agree with Surya bhai that there is no rivalry with Pakistan but knew they would come prepared: Tilak Varma after Asia Cup final heroics,Tilak Varma said that the Indian team were ready for a tough contest in the final as they knew that Pakistan would come prepared due to the enormity of the occassion.,The Indian Express,2025-09-30T14:19:09Z,https://indianexpress.com/article/sports/cricket/tilak-varma-india-pakistan-suryakumar-yadav-asia-cup-final-10280512/,"Tilak Varma said that while he agrees with his captain Suryakumar Yadav’s statement that there is no rivalry any more between India and Pakistan, they were prepared for the opposition to come prepare… [+1727 chars]"
"Integrating AI in Pakistani ESL classrooms: Teachers’ practices, perspectives, and impact on student performance","The global rise of Artificial Intelligence (AI) in English as a Second Language (ESL) education has shown promise, yet its application in resource-constrained contexts like Pakistan remains underexplored. This study examines the integration of AI tools in Pak…",Plos.org,2025-09-30T14:00:00Z,https://journals.plos.org/plosone/article?id=10.1371/journal.pone.0333352,"Abstract
The global rise of Artificial Intelligence (AI) in English as a Second Language (ESL) education has shown promise, yet its application in resource-constrained contexts like Pakistan remains… [+75575 chars]"
Trump’s Desire to Seize Bagram Airfield Will End in Disaster,"A terse takedown of the latest Trump bright idea, of trying to retake the Bagram airbase in Afghanistan.",Nakedcapitalism.com,2025-09-30T13:55:15Z,https://www.nakedcapitalism.com/2025/09/trumps-desire-to-seize-bagram-airfield-will-end-in-disaster.html,"This is Naked Capitalism fundraising week. 431 donors have already invested in our efforts to combat corruption and predatory conduct, particularly in the financial realm. Please join us and particip… [+7525 chars]"
Ukrainian MPs push for Trump Nobel Peace Prize bid,Several lawmakers have praised the US president’s efforts to mediate the Kiev-Moscow conflict Read Full Article at RT.com,RT,2025-09-30T13:53:00Z,https://www.rt.com/news/625654-ukrainian-mps-trump-nobel-peace-prize/,"A group of Ukrainian lawmakers has proposed nominating US President Donald Trump for the Nobel Peace Prize, praising his “strategic foresight” and efforts to settle the conflict between Moscow and Ki… [+2084 chars]"
BCCI raises 'strong objection' to Asia Cup trophy not being presented to India at Asian Cricket Council's AGM,"The BCCI raised a 'strong objection' after India was denied the Asia Cup trophy at the Asian Cricket Council’s AGM. Following India’s win over Pakistan, the team refused to accept the trophy from ACC president Mohsin Naqvi, leading to a delayed ceremony where…",The Times of India,2025-09-30T13:32:22Z,https://economictimes.indiatimes.com/news/sports/bcci-raises-strong-objection-to-asia-cup-trophy-not-being-presented-to-india-at-asian-cricket-councils-agm/articleshow/124236709.cms,"The BCCI on Tuesday raised ""strong objection"" in the Asian Cricket Council's AGM over India not being presented the winner's trophy of the Asia Cup but the body's chairman Mohsin Naqvi remained defia… [+3201 chars]"
Security in South Asia: Shifting Ways of the Islamic State,"On August 8th, 2025, Abdul Malik, a senior key figure of the Islamic State Khorasan Province (ISKP), was killed in the Tangi area of Qambar Khel in Khyber Pakhtunkhwa, Pakistan. Malik had been the chief operational planner of ISKP, who had previously escaped …",Fair Observer,2025-09-30T13:29:58Z,https://www.fairobserver.com/politics/security-in-south-asia-shifting-ways-of-the-islamic-state/,"On August 8th, 2025, Abdul Malik, a senior key figure of the Islamic State Khorasan Province (ISKP), was killed in the Tangi area of Qambar Khel in Khyber Pakhtunkhwa, Pakistan. Malik had been the ch… [+5440 chars]"
"India is new builder of world, we want it to come and build our regions: Israel",Israeli Ambassador Reuven Azar welcomed India's role in Gaza reconstruction. He stated India can contribute to the region. Prime Minister Narendra Modi earlier supported President Trump's peace plan. The plan proposes an immediate end to the Gaza conflict. In…,The Times of India,2025-09-30T12:27:59Z,https://economictimes.indiatimes.com/news/india/india-is-new-builder-of-world-we-want-it-to-come-and-build-our-regions-israel/articleshow/124235512.cms,President Donald Trump's peace plan for Gaza will allow countries like India to carry out reconstruction activities in the region as New Delhi has been playing a positive role for peace in the Middle… [+2124 chars]
India unlikely to agree delinking GI for basmati rice from FTA with EU,"India resists EU proposal to separate basmati rice GI tag from FTA, highlighting sovereignty and heritage concerns.",BusinessLine,2025-09-30T11:46:09Z,https://www.thehindubusinessline.com/economy/agri-business/india-unlikely-to-agree-delinking-gi-for-basmati-rice-from-fta-with-eu/article70112728.ece,India will likely not accept any proposal from the European Union to decouple the issue of the protected Geographical Indication (GI) tag for basmati rice from the purview of the Indo-EU free trade a… [+5120 chars]
"'Pakistan PM gave Rs 25 lakh cheque, but it bounced’: Spinner Saeed Ajmal's video goes viral after India wins Asia Cup final","Former Pakistan spinner Saeed Ajmal's viral video revealed that the 2009 T20 World Cup-winning team's reward cheques from the Prime Minister bounced, causing public embarrassment. This starkly contrasts with India's recent substantial reward for their Asia Cu…",The Times of India,2025-09-30T11:02:57Z,https://economictimes.indiatimes.com/news/new-updates/pakistan-pm-gave-rs-25-lakh-cheque-but-it-bounced-spinner-saeed-ajmals-video-goes-viral-after-india-wins-asia-cup-final/articleshow/124232056.cms,"Investment Ideas
Grow your wealth with stock ideas &amp; sectoral trends.
Stock Reports Plus
Buy low &amp; sell high with access to Stock Score, Upside potential &amp; more. 
BigBull Portfolio
G… [+439 chars]"
"PREVIEW: Accor 20% To 25% Off Global Sale For Stays Through March 31, 2026","Accor is currently running an app sale (read more here), but another sale is set to launch online once the current one ends, on October 10, 2025. There is a global sale for stays through March 31, 2026, at either 20% or 25% discount. You […]",Loyaltylobby.com,2025-09-30T11:00:13Z,https://loyaltylobby.com/2025/09/30/preview-accor-20-to-25-off-global-sale-for-stays-through-march-31-2026/,"Accor is currently running an app sale (read more here), but another sale is set to launch online once the current one ends, on October 10, 2025.There is a global sale for stays through March 31, 202… [+3551 chars]"
Modi welcomes Trump’s Gaza ceasefire plan,Indian Prime Minister Narendra Modi has called Washington’s attempt to end the fighting in Palestine a “viable pathway” to peace Read Full Article at RT.com,RT,2025-09-30T10:59:57Z,https://www.rt.com/india/625637-modi-welcomes-trumps-gaza-ceasefire/,"Indian Prime Minister Narendra Modi has welcomed US President Donald Trump’s 20-point plan aimed at resolving the Gaza conflict.
In a post on X on Tuesday, Modi called the plan a “viable pathway” to… [+2061 chars]"
Sonam Wangchuk being projected as anti-national as par of witch-hunt: Wife,"Gitanjali Angmo, wife of Sonam Wangchuk, alleged a ""witch-hunt"" and ""baseless narratives"" against him following his NSA detention. She challenged authorities to an open debate, refuting ""anti-national"" claims and FCRA violations, while highlighting his contri…",The Times of India,2025-09-30T10:49:47Z,https://economictimes.indiatimes.com/news/politics-and-nation/sonam-wangchuk-being-projected-as-anti-national-as-par-of-witch-hunt-wife/articleshow/124232878.cms,"Gitanjali Angmo, the wife of education reformer and activist Sonam Wangchuk and co-founder of the Himalayan Institute of Alternatives Ladakh (HIAL), on Tuesday alleged that ""baseless narratives"" were… [+4963 chars]"
"As Floods Worsen, Pakistan Is the Epicenter of Climate Change",This season’s intense monsoon rains caused flooding that killed hundreds and displaced millions of people in Pakistan — an increasingly frequent occurrence. Scientists who study extreme weather warn that Pakistan is more vulnerable to climate change than any …,Yale.edu,2025-09-30T10:42:00Z,https://e360.yale.edu/features/pakistan-climate-floods,The South Asian monsoon is a life-giver for 2 billion people. The regular rains from June to September nourish the crops they eat and temper the regions searing heat. But you can have too much of a g… [+13216 chars]
Tri-services integration not only matter of policy but crucial for survival: Rajnath Singh,"Defence Minister Rajnath Singh highlighted tri-services synergy. He stated Operation Sindoor demonstrated unified operational coherence. This success must become the benchmark for future military actions. Indian Air Force, Army, and Navy systems worked togeth…",The Times of India,2025-09-30T10:11:10Z,https://economictimes.indiatimes.com/news/defence/tri-services-integration-not-only-matter-of-policy-but-crucial-for-survival-rajnath-singh/articleshow/124232019.cms,"The tri-services synergy with unified real-time operational coherence demonstrated during Operation Sindoor was a ""living example"" to deliver decisive result and it must become the benchmark for all … [+3333 chars]"
The Stunning Reversal in U.S.-India Relations,Isaac Chotiner interviews Milan Vaishnav on the tensions between India and the United States and the role that Donald Trump and Narendra Modi play in the fraying relationship.,The New Yorker,2025-09-30T10:00:00Z,https://www.newyorker.com/news/q-and-a/the-stunning-reversal-in-us-india-relations,"Almost exactly six years ago, Donald Trump and Narendra Modi headlined an event in the Houston Texans football stadium called Howdy, Modi. Trump, then in his first term as President of the United Sta… [+5383 chars]"
Suicide blast near paramilitary headquarters in Pakistan’s Quetta kills 10,More than 30 injured in explosion outside security installation in the capital of southwestern province of Balochistan.,Al Jazeera English,2025-09-30T09:38:08Z,https://www.aljazeera.com/news/2025/9/30/suicide-blast-near-paramilitary-headquarters-in-pakistans-quetta-kills-10,"Islamabad, Pakistan A powerful car bomb blast outside the headquarters of Pakistans paramilitary Frontier Corps in the southwestern city of Quetta has killed at least 10 people and wounded more than … [+1044 chars]"
Women’s Cricket World Cup begins with Sri Lanka bowling first to India,Captain Chamari Athapaththu won the coin toss and opted for Sri Lanka to bowl first against India in the opening match of the Women's Cricket World Cup on...,Yahoo Entertainment,2025-09-30T09:27:54Z,https://sports.yahoo.com/article/women-cricket-world-cup-begins-092754270.html,"GUWAHATI, India (AP) Captain Chamari Athapaththu won the coin toss and opted for Sri Lanka to bowl first against India in the opening match of the Womens Cricket World Cup on Tuesday.
Eight teams wi… [+1632 chars]"
"Shoaib Akhtar slams Pakistan cricket culture, says PCB wants 'Lallu-kattu shareef bacche, not match-winners’","Former Pakistan fast bowler Shoaib Akhtar heavily criticized the national team's management, captain, coach, and PCB following their Asia Cup 2025 final defeat to India. He highlighted systemic issues like weak leadership, poor team combinations, and tactical…",The Times of India,2025-09-30T09:13:14Z,https://economictimes.indiatimes.com/news/new-updates/shoaib-akhtar-slams-pakistan-cricket-culture-says-pcb-wants-lallu-kattu-shareef-bacche-not-match-winners/articleshow/124230463.cms,"Former Pakistan fast bowler Shoaib Akhtar heavily criticized the national team's management, captain, coach, and PCB following their Asia Cup 2025 final defeat to India. He highlighted systemic issue… [+242 chars]"
Top 10 must-watch matches of the ICC Women’s World Cup 2025,"The ICC Women’s Cricket World Cup 2025, co-hosted by India and Sri Lanka from September 30 to November 2, will showcase eight top teams. This preview highlights 10 unmissable matches, including high-stakes clashes like India vs Pakistan and Australia vs Engla…",The Times of India,2025-09-30T08:58:15Z,https://economictimes.indiatimes.com/news/sports/top-10-must-watch-matches-of-the-icc-womens-world-cup-2025/articleshow/124230210.cms,"The ICC Women’s Cricket World Cup 2025, co-hosted by India and Sri Lanka from September 30 to November 2, will showcase eight top teams. This preview highlights 10 unmissable matches, including high-… [+200 chars]"
"Gaza peace plan: Trump the businessman’s big imprint; for India, reasons for relief, caution","What is the new Gaza peace plan? Why is Tony Blair being talked about again? With Trump welcoming Pakistan's role, what should New Delhi watch out for?",The Indian Express,2025-09-30T08:42:02Z,https://indianexpress.com/article/explained/explained-global/gaza-peace-plan-trump-businessman-india-pakistan-10280037/,"In one of the most ambitious plans to bring about peace in Gaza as the war nears its second anniversary, US President Donald Trump after eight months of negotiations has put forward a 20-point propos… [+9890 chars]"
"India-W vs Sri Lanka-W Live Cricket Score, ICC Women’s World Cup 2025: IND to bat first as SL win toss","IND-W vs SL-W Live Cricket Score, India Women's vs Sri Lanka Women's World Cup 2025 Live Score Today Match Updates: Harmanpreet Kaur's India will take on Chamari Athapaththu's Sri Lanka in Guwahati at 3:00 PM IST",The Indian Express,2025-09-30T08:37:15Z,https://indianexpress.com/article/sports/cricket/india-women-vs-sri-lanka-women-match-1-live-score-icc-womens-world-cup-2025-ind-w-vs-sl-w-live-updates-at-barsapara-cricket-stadium-guwahati-10279107/,"India Women vs Sri Lanka Women Live: India start their World Cup campaign in Colombo against the co-hosts. IND-W vs SL-W Live Cricket Score, India Women vs Sri Lanka Womens Live Score Updates: The In… [+7905 chars]"
Women's World Cup Live: India open campaign against Sri Lanka in Guwahati,"India vs Sri Lanka Live Score, Women's World Cup 2025: India’s women’s cricket team is primed for a historic campaign as it seeks its first-ever ICC",The Times of India,2025-09-30T08:30:44Z,https://timesofindia.indiatimes.com/sports/cricket/india-vs-sri-lanka-live-score-today-cricket-match-ind-w-vs-sl-w-womens-world-cup-2025-live-updates-harmanpreet-kaur-smriti-mandhana/liveblog/124229973.cms,"India vs Sri Lanka Live Score, Women's World Cup 2025: Indias womens cricket team is primed for a historic campaign as it seeks its first-ever ICC trophy at the ODI World Cup, beginning today with a … [+1543 chars]"
Best reply to sledging from Pakistan players was to win Asia Cup: Tilak Varma,Tilak Varma spoke about India's Asia Cup victory. He called it the best reply to Pakistan's aggression. Varma scored an unbeaten 69 runs in the final. He faced pressure and verbal volleys from Pakistan players. Tilak focused on basics during his innings. He r…,The Times of India,2025-09-30T08:23:22Z,https://economictimes.indiatimes.com/news/sports/best-reply-to-sledging-from-pakistan-players-was-to-win-asia-cup-tilak-varma/articleshow/124229853.cms,"Winning the Asia Cup was the ""best reply"" to an aggressive opposition, middle-order batter Tilak Varma said on Tuesday, revealing that he aced an initial bout of pressure and verbal volleys by Pakist… [+2454 chars]"
"Women's ODI World Cup 2025: Full Schedule, Live Streaming, Start Time - How to watch Live in US","The ICC Women's World Cup 2025 will begin on September 30. India and Sri Lanka co-host the tournament. Eight teams will compete for the championship until November 2. India aims for its maiden title with home support. Australia, England, and New Zealand also …",The Times of India,2025-09-30T08:15:39Z,https://economictimes.indiatimes.com/news/international/us/womens-odi-world-cup-2025-full-schedule-live-streaming-start-time-how-to-watch-live-in-us/articleshow/124229700.cms,"Womens cricket will shine on the global stage as eight teams battle for glory in the ICC Womens World Cup 2025, co-hosted by India and Sri Lanka from September 30 to November 2. Australia, the reigni… [+5637 chars]"
Chidambaram reveals US stopped India from military retaliation after deadly 26/11 Mumbai attacks,"Former Home Minister P. Chidambaram disclosed that India considered military retaliation after the 26/11 Mumbai attacks but opted against it due to international pressure, including from the US. BJP ministers Kiren Rijiju and Pralhad Joshi strongly criticized…",The Times of India,2025-09-30T07:59:45Z,https://economictimes.indiatimes.com/news/politics-and-nation/chidambaram-reveals-us-stopped-india-from-military-retaliation-after-deadly-26/11-mumbai-attacks/articleshow/124229304.cms,"Chidambaram, who was the Union Home Minister at the time when the terrorists attacked several parts of Mumbai, led by Prime Minister Manmohan Singh, in an interview to a TV channel, said ""the whole w… [+2333 chars]"
Shocking! Pakistan captain Salman Ali Agha accuses India of disrespecting cricket in Asia Cup,"Pakistan captain Salman Ali Agha publicly criticized Indian skipper Suryakumar Yadav for not shaking hands after the Asia Cup final, despite private greetings. Agha labeled India's conduct ""disrespectful to cricket,"" implying Yadav followed instructions. Post…",The Times of India,2025-09-30T07:44:55Z,https://timesofindia.indiatimes.com/sports/cricket/asia-cup/shocking-pakistan-captain-salman-ali-agha-accuses-india-of-disrespecting-cricket-in-asia-cup/articleshow/124229182.cms,"Navratri 2025: Shraddha Kapoor, Alia Bhatt, and other divas' inspired pink ethnic looks for day 9"
"Women's ODI World Cup 2025 Live Streaming: How to watch in Australia - Schedule, Start Time, Format, Prize Money and more","The ICC Women’s World Cup 2025, co-hosted by India and Sri Lanka from September 30 to November 2, will see eight nations compete for the title. Defending champions Australia and strong contenders India are poised for a thrilling tournament, with Pakistan's ma…",The Times of India,2025-09-30T07:07:45Z,https://economictimes.indiatimes.com/news/international/australia/womens-odi-world-cup-2025-live-streaming-how-to-watch-in-australia-schedule-start-time-format-prize-money-and-more/articleshow/124228422.cms,"Womens cricket takes the spotlight as eight nations gear up for the ICC Womens World Cup 2025, jointly hosted by India and Sri Lanka from September 30 to November 2. The tournament kicks off in Guwah… [+3760 chars]"
Mike Hesson’s great Pakistan challenge: How will coach handle harsh criticism from ex-Pakistan players and why does he persist with allrounders?,"The politically-charged atmosphere around Pakistan’s games with India might have been alien to him, but on cricketing matters Pakistan coach is just following what he has already spelt out to PCB, players and to the fans",The Indian Express,2025-09-30T06:47:31Z,https://indianexpress.com/article/sports/cricket/mike-hessons-great-pakistan-challenge-harsh-criticism-allrounders-10279747/,"Kahaan se pakad ke laaye yeh coach aap, usko yeh nahi pata khuda ke waasta allrounders nahi chalte; three proper fast bowlers, two proper spinners – you want Saim Ayub to bowl in powerplay? Why would… [+7649 chars]"
US sanctions on India’s strategic Chabahar port in Iran come into effect: What's next for New Delhi?,"The United States sanctioned India's Chabahar port project in Iran, ending a rare exemption and significantly impacting New Delhi's regional ambitions. This move, part of Washington's ""maximum pressure"" policy, forces Indian companies to exit within 45 days o…",The Times of India,2025-09-30T06:19:08Z,https://economictimes.indiatimes.com/news/economy/foreign-trade/us-sanctions-hit-indias-strategic-chabahar-port-in-iran-raising-stakes-for-new-delhi-whats-next/articleshow/124227235.cms,"The United States' renewed sanctions on Indias Chabahar port project in Iran came into effect on Monday, in a significant setback for New Delhis regional ambitions and its decades-long strategic enga… [+3453 chars]"
Mint Explainer | Why India is equipping fishing vessels with transponders,"The initiative enhances maritime security, ensures fisher safety, and promotes sustainable management, while also preventing unauthorized border crossings and aiding in emergency communications.",Livemint,2025-09-30T05:35:20Z,https://www.livemint.com/industry/agriculture/indian-fishermen-arrest-pakistan-sri-lanka-satellite-transponders-monitoring-fishing-boats-maritime-security-fisheries-11759206008951.html,"India has started equipping fishing vessels with satellite-based transponders for real-time monitoring. About 36,000 fishing boats have been fitted with the devices and the plan is to cover all 100,0… [+4704 chars]"
"In case of Pakistan win, Shahid Afridi and Muhammad Yunus wanted it dedicated to the Pakistan Air Force, even messaging players to do so","India secured a thrilling five-wicket victory over Pakistan in the Asia Cup 2025 final, chasing 147 after Pakistan's strong start collapsed. Tilak Varma's unbeaten 69 anchored India's chase, but the champions controversially declined the winner's trophy from …",The Times of India,2025-09-30T05:34:15Z,https://economictimes.indiatimes.com/news/new-updates/in-case-of-pakistan-win-shahid-afridi-and-muhammad-yunus-wanted-it-dedicated-to-the-pakistan-air-force-even-messaging-players-to-do-so/articleshow/124226049.cms,"Investment Ideas
Grow your wealth with stock ideas &amp; sectoral trends.
Stock Reports Plus
Buy low &amp; sell high with access to Stock Score, Upside potential &amp; more. 
BigBull Portfolio
G… [+439 chars]"
Sixers from Captain Modi,"India’s Asia Cup win against Pakistan in Dubai on Sunday was supposed to be about cricketing glory. Instead, it turned into a geopolitical innings after Prime Minister Narendra Modi smashed a six of his own — tying the triumph to “Operation Sindoor”, India’s …",Gossiplankanews.com,2025-09-30T05:06:00Z,https://english.gossiplankanews.com/2025/09/sixers-from-captain-modi.html,"India’s Asia Cup win against Pakistan in Dubai on Sunday was supposed to be about cricketing glory. Instead, it turned into a geopolitical innings after Prime Minister Narendra Modi smashed a six of … [+2211 chars]"
‘Operation Sindoor’: How cricket became latest India-Pakistan weapon of war,The India-Pakistan rivalry turned the Asia Cup into a battlefield for nationalist politics. Is there hope for change?,Al Jazeera English,2025-09-30T05:02:01Z,https://www.aljazeera.com/news/2025/9/30/operation-sindoor-how-cricket-became-latest-india-pakistan-weapon-of-war,"Islamabad, Pakistan When Indian Prime Minister Narendra Modi addressed parliament on July 29, more than two months after the four-day May clash with Pakistan, he hailed Indias military action dubbed … [+13423 chars]"
Eamon Ryan: China sees an opportunity in Trump’s climate denial,"As China sees its arch-rival going backwards, it will grab the chance to double down on the promise of cheaper, cleaner power",The Irish Times,2025-09-30T05:00:01Z,https://www.irishtimes.com/opinion/2025/09/30/eamon-ryan-china-sees-an-opportunity-in-trumps-climate-denial/,"I remember a dinner the International Energy Agency hosted back in 2008, where members met to discuss the possible entry of China and India into the club which was slightly tricky because members of … [+5030 chars]"
"How to watch ICC Women's Cricket World Cup 2025: free live streams, schedule, teams","All the ways to watch ICC Women's Cricket World Cup as England, India and Australia are the leading favourites for the title.",TechRadar,2025-09-30T05:00:00Z,https://www.techradar.com/how-to-watch/cricket/icc-womens-cricket-world-cup-2025-free,<ul><li>Watch ICC Women's Cricket World Cup on Willow via Sling TV (US)</li><li>ICC TVwill provide a free stream for select countries</li><li>Abroad? Unblock your stream with NordVPN (Save 70%)</li><… [+7516 chars]
Vijay Kumar Malhotra passes away: From Lahore to first Delhi BJP chief; a look at the veteran parliamentarian's life,"Veteran BJP leader Vijay Kumar Malhotra, the first president of the party's Delhi unit, passed away at 94. A central figure in Delhi politics, he was a five-time MP who famously defeated Manmohan Singh in 1999. Malhotra was also an educationist and sports adm…",The Times of India,2025-09-30T04:42:10Z,https://economictimes.indiatimes.com/news/politics-and-nation/vijay-kumar-malhotra-passes-away-from-lahore-to-first-delhi-bjp-chief-a-look-at-the-veteran-parliamentarians-life/articleshow/124225728.cms,"Vijay Kumar Malhotra, veteran BJP leader and the first president of the partys Delhi unit, passed away at his residence on Tuesday morning, the Delhi BJP said in a statement. He was 94.Born on Decemb… [+1589 chars]"
Google celebrates ICC Women’s World Cup 2025 opener with animated doodle: ‘Good luck to all the players and teams competing’,"Google Doodle Today: To celebrate the ICC Women's World Cup, the doodle features “Google” written in vibrant colours, highlighting the letter O with the cricket ball and L as wickets.",The Indian Express,2025-09-30T04:30:43Z,https://indianexpress.com/article/trending/trending-globally/google-doodle-icc-womens-world-cup-2025-10279542/,"Google Doodle Today: The 13th edition of the ICC Womens Cricket World Cup begins today, with Google marking the occasion with a special Doodle to highlight the tournament’s growing popularity. First … [+2086 chars]"
We never said we wouldn’t take the trophy: Suryakumar Yadav reveals what really happened during Asia Cup presentation ceremony,"Suryakumar Yadav revealed India never refused the Asia Cup 2025 trophy, despite officials taking it away after the final presentation. The team waited for the cup, which Pakistan's Interior Minister Mohsin Naqvi left with, sparking controversy. Indian players…",The Times of India,2025-09-30T04:07:12Z,https://economictimes.indiatimes.com/news/sports/we-never-said-we-wouldnt-take-the-trophy-suryakumar-yadav-reveals-what-really-happened-during-asia-cup-presentation-ceremony/articleshow/124224969.cms,"Suryakumar Yadav has revealed what went behind the scenes during the presentation ceremony after the Asia Cup 2025 final, where India did not receive the trophy. The India captain said that team Indi… [+1646 chars]"
'Pained by his passing away': PM Modi condoles death of first Delhi BJP President Vijay Kumar Malhotra,"Senior BJP leader Vijay Kumar Malhotra passed away at 93 in New Delhi. Prime Minister Narendra Modi mourned his death, highlighting his role in strengthening the party in Delhi. Malhotra served as the first Delhi BJP president. He was a five-time Member of Pa…",The Times of India,2025-09-30T04:06:17Z,https://economictimes.indiatimes.com/news/politics-and-nation/pained-by-his-passing-away-pm-modi-condoles-death-of-first-delhi-bjp-president-vijay-kumar-malhotra/articleshow/124225081.cms,"Prime Minister Narendra Modi on Tuesday mourned the death of senior BJP leader and first Delhi BJP president Vijay Kumar Malhotra, saying he ""played a vital role"" in strengthening the party in the Na… [+2396 chars]"
13th ICC Women’s Cricket World Cup 2025 kicks off today: Google Doodle celebrates opener as India faces Sri Lanka,"The 13th ICC Women’s Cricket World Cup 2025 officially begins today, celebrated by a Google Doodle. Co-hosts India open against Sri Lanka in Guwahati, as eight top teams, including seven-time champions Australia, vie for the prestigious trophy across India an…",The Times of India,2025-09-30T02:41:30Z,https://economictimes.indiatimes.com/news/new-updates/13th-icc-womens-cricket-world-cup-2025-kicks-off-today-google-doodle-celebrates-opener-as-india-faces-sri-lanka/articleshow/124223869.cms,"The 13th ICC Women’s Cricket World Cup 2025 officially begins today, and Google is celebrating the tournaments start with a special Doodle. This tribute highlights not only the global significance of… [+2905 chars]"
Women's Cricket World Cup 2025 Live Telecast: Where and how to watch ICC Women’s WC for free in India,"The ICC Women's Cricket World Cup 2025, co-hosted by India and Sri Lanka from September 30 to November 2, features eight top teams battling for the prestigious trophy. India, led by Harmanpreet Kaur, aims for their first title on home soil, with key matches a…",The Times of India,2025-09-30T02:30:35Z,https://economictimes.indiatimes.com/news/sports/womens-cricket-world-cup-2025-live-telecast-where-and-how-to-watch-icc-womens-wc-for-free-in-india/articleshow/124223779.cms,"The ICC Women's Cricket World Cup 2025, co-hosted by India and Sri Lanka from September 30 to November 2, features eight top teams battling for the prestigious trophy. India, led by Harmanpreet Kaur,… [+89 chars]"
India and Pakistan share flood risks and must combine solutions,Letter to the Editor,Nature.com,2025-09-30T00:00:00Z,https://www.nature.com/articles/d41586-025-03187-1,"Thank you for visiting nature.com. You are using a browser version with limited support for CSS. To obtain
 the best experience, we recommend you use a more up to date browser (or turn off compatibi… [+139 chars]"
